<?xml version="1.0"?>
<module>
<exporttime>2015-12-02 12:25:19</exporttime>
<name>ComisionSatelites</name>
<label>ComisionSatelites</label>
<parent>Sales</parent>
<version>2.0</version>
<dependencies>
<vtiger_version>6.0.0</vtiger_version>
</dependencies>
<tables>
<table>
<name>vtiger_comisionsatelites</name>
<sql><![CDATA[CREATE TABLE `vtiger_comisionsatelites` (
  `comisionsatelitesid` int(11) NOT NULL DEFAULT '0',
    `accountid` INT(19) DEFAULT NULL,
    `tipodecomisionid` INT(19) DEFAULT NULL,
    `tipodeformula` VARCHAR(128) DEFAULT NULL,
    `base` DECIMAL(25,3) DEFAULT NULL,
    `activa` VARCHAR(5) DEFAULT NULL,
    PRIMARY KEY (`comisionsatelitesid`)
) ENGINE=InnoDB DEFAULT CHARSET=utf8]]></sql>
</table>
<table>
<name>vtiger_comisionsatelitescf</name>
<sql><![CDATA[CREATE TABLE `vtiger_comisionsatelitescf` (
  `comisionsatelitesid` int(11) NOT NULL,
  PRIMARY KEY (`comisionsatelitesid`)
) ENGINE=InnoDB DEFAULT CHARSET=utf8]]></sql>
</table>
</tables>
<blocks>
<block>
<label>LBL_BLOCK_GENERAL_INFORMATION</label>
<sequence>1</sequence>
<show_title>0</show_title>
<visible>0</visible>
<create_view>0</create_view>
<edit_view>0</edit_view>
<detail_view>0</detail_view>
<display_status>0</display_status>
<iscustom>0</iscustom>
<islist>0</islist>
<fields>
<field>
<fieldname>accountid</fieldname>
<uitype>10</uitype>
<columnname>accountid</columnname>
<columntype>INT(19)</columntype>
<tablename>vtiger_comisionsatelites</tablename>
<generatedtype>1</generatedtype>
<fieldlabel>LBL_ACCOUNTID</fieldlabel>
<readonly>1</readonly>
<presence>2</presence>
<defaultvalue></defaultvalue>
<sequence>1</sequence>
<maximumlength>100</maximumlength>
<typeofdata>V~M</typeofdata>
<quickcreate>1</quickcreate>
<quickcreatesequence></quickcreatesequence>
<displaytype>1</displaytype>
<info_type>BAS</info_type>
<helpinfo><![CDATA[]]></helpinfo>
<masseditable>1</masseditable>
<relatedmodules>
<relatedmodule>Accounts</relatedmodule>
</relatedmodules>
<entityidentifier>
<fieldname>accountid</fieldname>
<entityidfield>comisionsatelitesid</entityidfield>
<entityidcolumn>comisionsatelitesid</entityidcolumn>
</entityidentifier>
</field>
<field>
<fieldname>tipodecomisionid</fieldname>
<uitype>10</uitype>
<columnname>tipodecomisionid</columnname>
<columntype>INT(19)</columntype>
<tablename>vtiger_comisionsatelites</tablename>
<generatedtype>1</generatedtype>
<fieldlabel>LBL_TIPODECOMISIONID</fieldlabel>
<readonly>1</readonly>
<presence>2</presence>
<defaultvalue></defaultvalue>
<sequence>2</sequence>
<maximumlength>100</maximumlength>
<typeofdata>V~M</typeofdata>
<quickcreate>1</quickcreate>
<quickcreatesequence></quickcreatesequence>
<displaytype>1</displaytype>
<info_type>BAS</info_type>
<helpinfo><![CDATA[]]></helpinfo>
<masseditable>0</masseditable>
<relatedmodules>
<relatedmodule>TiposdeComisiones</relatedmodule>
</relatedmodules>
<entityidentifier>
<fieldname>tipodecomisionid</fieldname>
<entityidfield>comisionsatelitesid</entityidfield>
<entityidcolumn>comisionsatelitesid</entityidcolumn>
</entityidentifier>
</field>
<field>
<fieldname>tipodeformula</fieldname>
<uitype>2</uitype>
<columnname>tipodeformula</columnname>
<columntype>VARCHAR(128)</columntype>
<tablename>vtiger_comisionsatelites</tablename>
<generatedtype>1</generatedtype>
<fieldlabel>LBL_TIPODEFORMULA</fieldlabel>
<readonly>1</readonly>
<presence>2</presence>
<defaultvalue></defaultvalue>
<sequence>3</sequence>
<maximumlength>100</maximumlength>
<typeofdata>V~M</typeofdata>
<quickcreate>1</quickcreate>
<quickcreatesequence></quickcreatesequence>
<displaytype>1</displaytype>
<info_type>BAS</info_type>
<helpinfo><![CDATA[]]></helpinfo>
<masseditable>1</masseditable>
</field>
<field>
<fieldname>base</fieldname>
<uitype>7</uitype>
<columnname>base</columnname>
<columntype>DECIMAL(25,3)</columntype>
<tablename>vtiger_comisionsatelites</tablename>
<generatedtype>1</generatedtype>
<fieldlabel>LBL_BASE</fieldlabel>
<readonly>1</readonly>
<presence>2</presence>
<defaultvalue></defaultvalue>
<sequence>4</sequence>
<maximumlength>100</maximumlength>
<typeofdata>N~M</typeofdata>
<quickcreate>1</quickcreate>
<quickcreatesequence></quickcreatesequence>
<displaytype>1</displaytype>
<info_type>BAS</info_type>
<helpinfo><![CDATA[]]></helpinfo>
<masseditable>1</masseditable>
</field>
<field>
<fieldname>activa</fieldname>
<uitype>56</uitype>
<columnname>activa</columnname>
<columntype>VARCHAR(5)</columntype>
<tablename>vtiger_comisionsatelites</tablename>
<generatedtype>1</generatedtype>
<fieldlabel>LBL_ACTIVA</fieldlabel>
<readonly>1</readonly>
<presence>2</presence>
<defaultvalue></defaultvalue>
<sequence>5</sequence>
<maximumlength>100</maximumlength>
<typeofdata>C~M</typeofdata>
<quickcreate>0</quickcreate>
<quickcreatesequence></quickcreatesequence>
<displaytype>1</displaytype>
<info_type>BAS</info_type>
<helpinfo><![CDATA[]]></helpinfo>
<masseditable>0</masseditable>
</field>
</fields>
</block>
<block>
<label>LBL_BLOCK_SYSTEM_INFORMATION</label>
<sequence>2</sequence>
<show_title>0</show_title>
<visible>0</visible>
<create_view>0</create_view>
<edit_view>0</edit_view>
<detail_view>0</detail_view>
<display_status>0</display_status>
<iscustom>0</iscustom>
<islist>0</islist>
<fields>
<field>
<fieldname>assigned_user_id</fieldname>
<uitype>53</uitype>
<columnname>smownerid</columnname>
<columntype>VARCHAR(128)</columntype>
<tablename>vtiger_crmentity</tablename>
<generatedtype>1</generatedtype>
<fieldlabel>Assigned To</fieldlabel>
<readonly>1</readonly>
<presence>2</presence>
<defaultvalue></defaultvalue>
<sequence>1</sequence>
<maximumlength>100</maximumlength>
<typeofdata>V~M</typeofdata>
<quickcreate>1</quickcreate>
<quickcreatesequence></quickcreatesequence>
<displaytype>1</displaytype>
<info_type>BAS</info_type>
<helpinfo><![CDATA[]]></helpinfo>
<masseditable>1</masseditable>
</field>
<field>
<fieldname>createdtime</fieldname>
<uitype>70</uitype>
<columnname>createdtime</columnname>
<columntype>DATETIME</columntype>
<tablename>vtiger_crmentity</tablename>
<generatedtype>1</generatedtype>
<fieldlabel>Created Time</fieldlabel>
<readonly>1</readonly>
<presence>2</presence>
<defaultvalue></defaultvalue>
<sequence>2</sequence>
<maximumlength>100</maximumlength>
<typeofdata>T~O</typeofdata>
<quickcreate>1</quickcreate>
<quickcreatesequence></quickcreatesequence>
<displaytype>2</displaytype>
<info_type>BAS</info_type>
<helpinfo><![CDATA[]]></helpinfo>
<masseditable>0</masseditable>
</field>
<field>
<fieldname>modifiedtime</fieldname>
<uitype>19</uitype>
<columnname>modifiedtime</columnname>
<columntype>TEXT</columntype>
<tablename>vtiger_crmentity</tablename>
<generatedtype>1</generatedtype>
<fieldlabel>Modified Time</fieldlabel>
<readonly>1</readonly>
<presence>2</presence>
<defaultvalue></defaultvalue>
<sequence>3</sequence>
<maximumlength>100</maximumlength>
<typeofdata>T~O</typeofdata>
<quickcreate>1</quickcreate>
<quickcreatesequence></quickcreatesequence>
<displaytype>2</displaytype>
<info_type>BAS</info_type>
<helpinfo><![CDATA[]]></helpinfo>
<masseditable>0</masseditable>
</field>
</fields>
</block>
</blocks>
<customviews>
<customview>
<viewname>All</viewname>
<setdefault>true</setdefault>
<setmetrics>false</setmetrics>
<fields>
<field>
<fieldname>accountid</fieldname>
<columnindex>1</columnindex>
</field>
<field>
<fieldname>tipodecomisionid</fieldname>
<columnindex>2</columnindex>
</field>
<field>
<fieldname>tipodeformula</fieldname>
<columnindex>3</columnindex>
</field>
<field>
<fieldname>base</fieldname>
<columnindex>4</columnindex>
</field>
<field>
<fieldname>activa</fieldname>
<columnindex>5</columnindex>
</field>
</fields>
</customview>
</customviews>
<sharingaccess>
<default>public_readwritedelete</default>
</sharingaccess>
<actions>
<action>
<name><![CDATA[Import]]></name>
<status>disabled</status>
</action>
<action>
<name><![CDATA[Export]]></name>
<status>disabled</status>
</action>
<action>
<name><![CDATA[Merge]]></name>
<status>disabled</status>
</action>
</actions>
<crons>
</crons>
</module>
