<?xml version="1.0"?>
<module>
<exporttime>2015-12-04 09:09:59</exporttime>
<name>TiposdeComisiones</name>
<label>TiposdeComisiones</label>
<parent>Sales</parent>
<version>2.0</version>
<dependencies>
<vtiger_version>6.0.0</vtiger_version>
</dependencies>
<tables>
<table>
<name>vtiger_tiposdecomisiones</name>
<sql><![CDATA[CREATE TABLE `vtiger_tiposdecomisiones` (
  `tiposdecomisionesid` int(11) NOT NULL DEFAULT '0',
    `codigo` VARCHAR(128) DEFAULT NULL,
    `gds` VARCHAR(128) DEFAULT NULL,
    `nombre` VARCHAR(128) DEFAULT NULL,
    `tipodevuelo` VARCHAR(128) DEFAULT NULL,
    `tipotransaccion` VARCHAR(128) DEFAULT NULL,
    `tipousuario` VARCHAR(128) DEFAULT NULL,
    `activo` VARCHAR(5) DEFAULT NULL,
    PRIMARY KEY (`tiposdecomisionesid`)
) ENGINE=InnoDB DEFAULT CHARSET=utf8]]></sql>
</table>
<table>
<name>vtiger_tiposdecomisionescf</name>
<sql><![CDATA[CREATE TABLE `vtiger_tiposdecomisionescf` (
  `tiposdecomisionesid` int(11) NOT NULL,
  PRIMARY KEY (`tiposdecomisionesid`)
) ENGINE=InnoDB DEFAULT CHARSET=utf8]]></sql>
</table>
</tables>
<blocks>
<block>
<label>LBL_BLOCK_GENERAL_INFORMATION</label>
<sequence>1</sequence>
<show_title>0</show_title>
<visible>0</visible>
<create_view>0</create_view>
<edit_view>0</edit_view>
<detail_view>0</detail_view>
<display_status>0</display_status>
<iscustom>0</iscustom>
<islist>0</islist>
<fields>
<field>
<fieldname>codigo</fieldname>
<uitype>2</uitype>
<columnname>codigo</columnname>
<columntype>VARCHAR(128)</columntype>
<tablename>vtiger_tiposdecomisiones</tablename>
<generatedtype>1</generatedtype>
<fieldlabel>LBL_CODIGO</fieldlabel>
<readonly>1</readonly>
<presence>2</presence>
<defaultvalue></defaultvalue>
<sequence>1</sequence>
<maximumlength>100</maximumlength>
<typeofdata>V~M</typeofdata>
<quickcreate>1</quickcreate>
<quickcreatesequence></quickcreatesequence>
<displaytype>1</displaytype>
<info_type>BAS</info_type>
<helpinfo><![CDATA[]]></helpinfo>
<masseditable>1</masseditable>
<entityidentifier>
<fieldname>codigo</fieldname>
<entityidfield>tiposdecomisionesid</entityidfield>
<entityidcolumn>tiposdecomisionesid</entityidcolumn>
</entityidentifier>
</field>
<field>
<fieldname>gds</fieldname>
<uitype>2</uitype>
<columnname>gds</columnname>
<columntype>VARCHAR(128)</columntype>
<tablename>vtiger_tiposdecomisiones</tablename>
<generatedtype>1</generatedtype>
<fieldlabel>LBL_GDS</fieldlabel>
<readonly>1</readonly>
<presence>2</presence>
<defaultvalue></defaultvalue>
<sequence>2</sequence>
<maximumlength>100</maximumlength>
<typeofdata>V~M</typeofdata>
<quickcreate>0</quickcreate>
<quickcreatesequence></quickcreatesequence>
<displaytype>1</displaytype>
<info_type>BAS</info_type>
<helpinfo><![CDATA[]]></helpinfo>
<masseditable>1</masseditable>
<entityidentifier>
<fieldname>gds</fieldname>
<entityidfield>tiposdecomisionesid</entityidfield>
<entityidcolumn>tiposdecomisionesid</entityidcolumn>
</entityidentifier>
</field>
<field>
<fieldname>nombre</fieldname>
<uitype>2</uitype>
<columnname>nombre</columnname>
<columntype>VARCHAR(128)</columntype>
<tablename>vtiger_tiposdecomisiones</tablename>
<generatedtype>1</generatedtype>
<fieldlabel>LBL_NOMBRE</fieldlabel>
<readonly>1</readonly>
<presence>2</presence>
<defaultvalue></defaultvalue>
<sequence>3</sequence>
<maximumlength>100</maximumlength>
<typeofdata>V~M</typeofdata>
<quickcreate>0</quickcreate>
<quickcreatesequence></quickcreatesequence>
<displaytype>1</displaytype>
<info_type>BAS</info_type>
<helpinfo><![CDATA[]]></helpinfo>
<masseditable>1</masseditable>
<entityidentifier>
<fieldname>nombre</fieldname>
<entityidfield>tiposdecomisionesid</entityidfield>
<entityidcolumn>tiposdecomisionesid</entityidcolumn>
</entityidentifier>
</field>
<field>
<fieldname>tipodevuelo</fieldname>
<uitype>2</uitype>
<columnname>tipodevuelo</columnname>
<columntype>VARCHAR(128)</columntype>
<tablename>vtiger_tiposdecomisiones</tablename>
<generatedtype>1</generatedtype>
<fieldlabel>LBL_TIPODEVUELO</fieldlabel>
<readonly>1</readonly>
<presence>2</presence>
<defaultvalue></defaultvalue>
<sequence>4</sequence>
<maximumlength>100</maximumlength>
<typeofdata>V~M</typeofdata>
<quickcreate>0</quickcreate>
<quickcreatesequence></quickcreatesequence>
<displaytype>1</displaytype>
<info_type>BAS</info_type>
<helpinfo><![CDATA[]]></helpinfo>
<masseditable>0</masseditable>
</field>
<field>
<fieldname>tipotransaccion</fieldname>
<uitype>2</uitype>
<columnname>tipotransaccion</columnname>
<columntype>VARCHAR(128)</columntype>
<tablename>vtiger_tiposdecomisiones</tablename>
<generatedtype>1</generatedtype>
<fieldlabel>LBL_TIPOTRANSACCION</fieldlabel>
<readonly>1</readonly>
<presence>2</presence>
<defaultvalue></defaultvalue>
<sequence>5</sequence>
<maximumlength>100</maximumlength>
<typeofdata>V~M</typeofdata>
<quickcreate>1</quickcreate>
<quickcreatesequence></quickcreatesequence>
<displaytype>1</displaytype>
<info_type>BAS</info_type>
<helpinfo><![CDATA[]]></helpinfo>
<masseditable>0</masseditable>
</field>
<field>
<fieldname>tipousuario</fieldname>
<uitype>2</uitype>
<columnname>tipousuario</columnname>
<columntype>VARCHAR(128)</columntype>
<tablename>vtiger_tiposdecomisiones</tablename>
<generatedtype>1</generatedtype>
<fieldlabel>LBL_TIPOUSUARIO</fieldlabel>
<readonly>1</readonly>
<presence>2</presence>
<defaultvalue></defaultvalue>
<sequence>6</sequence>
<maximumlength>100</maximumlength>
<typeofdata>V~M</typeofdata>
<quickcreate>1</quickcreate>
<quickcreatesequence></quickcreatesequence>
<displaytype>1</displaytype>
<info_type>BAS</info_type>
<helpinfo><![CDATA[]]></helpinfo>
<masseditable>0</masseditable>
</field>
<field>
<fieldname>activo</fieldname>
<uitype>56</uitype>
<columnname>activo</columnname>
<columntype>VARCHAR(5)</columntype>
<tablename>vtiger_tiposdecomisiones</tablename>
<generatedtype>1</generatedtype>
<fieldlabel>LBL_ACTIVO</fieldlabel>
<readonly>1</readonly>
<presence>2</presence>
<defaultvalue></defaultvalue>
<sequence>7</sequence>
<maximumlength>100</maximumlength>
<typeofdata>C~O</typeofdata>
<quickcreate>0</quickcreate>
<quickcreatesequence></quickcreatesequence>
<displaytype>1</displaytype>
<info_type>BAS</info_type>
<helpinfo><![CDATA[]]></helpinfo>
<masseditable>0</masseditable>
</field>
</fields>
</block>
<block>
<label>LBL_BLOCK_SYSTEM_INFORMATION</label>
<sequence>2</sequence>
<show_title>0</show_title>
<visible>0</visible>
<create_view>0</create_view>
<edit_view>0</edit_view>
<detail_view>0</detail_view>
<display_status>0</display_status>
<iscustom>0</iscustom>
<islist>0</islist>
<fields>
<field>
<fieldname>assigned_user_id</fieldname>
<uitype>53</uitype>
<columnname>smownerid</columnname>
<columntype>VARCHAR(128)</columntype>
<tablename>vtiger_crmentity</tablename>
<generatedtype>1</generatedtype>
<fieldlabel>Assigned To</fieldlabel>
<readonly>1</readonly>
<presence>2</presence>
<defaultvalue></defaultvalue>
<sequence>1</sequence>
<maximumlength>100</maximumlength>
<typeofdata>V~M</typeofdata>
<quickcreate>0</quickcreate>
<quickcreatesequence></quickcreatesequence>
<displaytype>1</displaytype>
<info_type>BAS</info_type>
<helpinfo><![CDATA[]]></helpinfo>
<masseditable>1</masseditable>
</field>
<field>
<fieldname>createdtime</fieldname>
<uitype>70</uitype>
<columnname>createdtime</columnname>
<columntype>DATETIME</columntype>
<tablename>vtiger_crmentity</tablename>
<generatedtype>1</generatedtype>
<fieldlabel>Created Time</fieldlabel>
<readonly>1</readonly>
<presence>2</presence>
<defaultvalue></defaultvalue>
<sequence>2</sequence>
<maximumlength>100</maximumlength>
<typeofdata>T~O</typeofdata>
<quickcreate>0</quickcreate>
<quickcreatesequence></quickcreatesequence>
<displaytype>2</displaytype>
<info_type>BAS</info_type>
<helpinfo><![CDATA[]]></helpinfo>
<masseditable>0</masseditable>
</field>
<field>
<fieldname>modifiedtime</fieldname>
<uitype>19</uitype>
<columnname>modifiedtime</columnname>
<columntype>TEXT</columntype>
<tablename>vtiger_crmentity</tablename>
<generatedtype>1</generatedtype>
<fieldlabel>Modified Time</fieldlabel>
<readonly>1</readonly>
<presence>2</presence>
<defaultvalue></defaultvalue>
<sequence>3</sequence>
<maximumlength>100</maximumlength>
<typeofdata>T~O</typeofdata>
<quickcreate>0</quickcreate>
<quickcreatesequence></quickcreatesequence>
<displaytype>2</displaytype>
<info_type>BAS</info_type>
<helpinfo><![CDATA[]]></helpinfo>
<masseditable>0</masseditable>
</field>
</fields>
</block>
</blocks>
<customviews>
<customview>
<viewname>All</viewname>
<setdefault>true</setdefault>
<setmetrics>false</setmetrics>
<fields>
<field>
<fieldname>codigo</fieldname>
<columnindex>1</columnindex>
</field>
<field>
<fieldname>gds</fieldname>
<columnindex>2</columnindex>
</field>
<field>
<fieldname>nombre</fieldname>
<columnindex>3</columnindex>
</field>
<field>
<fieldname>tipodevuelo</fieldname>
<columnindex>4</columnindex>
</field>
<field>
<fieldname>tipotransaccion</fieldname>
<columnindex>5</columnindex>
</field>
<field>
<fieldname>tipousuario</fieldname>
<columnindex>6</columnindex>
</field>
</fields>
</customview>
</customviews>
<sharingaccess>
<default>public_readwritedelete</default>
</sharingaccess>
<actions>
<action>
<name><![CDATA[Import]]></name>
<status>disabled</status>
</action>
<action>
<name><![CDATA[Export]]></name>
<status>disabled</status>
</action>
<action>
<name><![CDATA[Merge]]></name>
<status>disabled</status>
</action>
</actions>
<crons>
</crons>
</module>
