<?xml version="1.0"?>
<module>
<exporttime>2016-02-03 16:38:22</exporttime>
<name>Localizadores</name>
<label>Localizadores</label>
<parent>Sales</parent>
<version>3.1</version>
<dependencies>
<vtiger_version>6.0.0</vtiger_version>
</dependencies>
<tables>
<table>
<name>vtiger_localizadores</name>
<sql><![CDATA[CREATE TABLE `vtiger_localizadores` (
  `localizadoresid` int(11) NOT NULL DEFAULT '0',
    `localizador` VARCHAR(128) DEFAULT NULL,
    `contactoid` INT(19) DEFAULT NULL,
    `paymentmethod` VARCHAR(128) DEFAULT NULL,
    `referencia` VARCHAR(128) DEFAULT NULL,
    `airline` VARCHAR(128) DEFAULT NULL,
    `status` VARCHAR(128) DEFAULT NULL,
    `procesado` VARCHAR(5) DEFAULT NULL,
    `registrodeventasid` INT(19) DEFAULT NULL,
    `gds` VARCHAR(128) DEFAULT NULL,
    `totalloc` DECIMAL(25,3) DEFAULT NULL,
    PRIMARY KEY (`localizadoresid`)
) ENGINE=InnoDB DEFAULT CHARSET=utf8]]></sql>
</table>
<table>
<name>vtiger_localizadorescf</name>
<sql><![CDATA[CREATE TABLE `vtiger_localizadorescf` (
  `localizadoresid` int(11) NOT NULL,
  PRIMARY KEY (`localizadoresid`)
) ENGINE=InnoDB DEFAULT CHARSET=utf8]]></sql>
</table>
</tables>
<blocks>
<block>
<label>LBL_BLOCK_GENERAL_INFORMATION</label>
<sequence>1</sequence>
<show_title>0</show_title>
<visible>0</visible>
<create_view>0</create_view>
<edit_view>0</edit_view>
<detail_view>0</detail_view>
<display_status>1</display_status>
<iscustom>0</iscustom>
<islist>0</islist>
<fields>
<field>
<fieldname>localizador</fieldname>
<uitype>2</uitype>
<columnname>localizador</columnname>
<columntype>VARCHAR(128)</columntype>
<tablename>vtiger_localizadores</tablename>
<generatedtype>1</generatedtype>
<fieldlabel>LBL_LOCALIZADOR</fieldlabel>
<readonly>1</readonly>
<presence>2</presence>
<defaultvalue></defaultvalue>
<sequence>1</sequence>
<maximumlength>100</maximumlength>
<typeofdata>V~M</typeofdata>
<quickcreate>1</quickcreate>
<quickcreatesequence></quickcreatesequence>
<displaytype>1</displaytype>
<info_type>BAS</info_type>
<helpinfo><![CDATA[]]></helpinfo>
<masseditable>1</masseditable>
<entityidentifier>
<fieldname></fieldname>
<entityidfield>localizadoresid</entityidfield>
<entityidcolumn>localizadoresid</entityidcolumn>
</entityidentifier>
</field>
<field>
<fieldname>contactoid</fieldname>
<uitype>10</uitype>
<columnname>contactoid</columnname>
<columntype>INT(19)</columntype>
<tablename>vtiger_localizadores</tablename>
<generatedtype>1</generatedtype>
<fieldlabel>LBL_CONTACTOID</fieldlabel>
<readonly>1</readonly>
<presence>2</presence>
<defaultvalue></defaultvalue>
<sequence>2</sequence>
<maximumlength>100</maximumlength>
<typeofdata>V~M</typeofdata>
<quickcreate>1</quickcreate>
<quickcreatesequence></quickcreatesequence>
<displaytype>1</displaytype>
<info_type>BAS</info_type>
<helpinfo><![CDATA[]]></helpinfo>
<masseditable>1</masseditable>
<relatedmodules>
<relatedmodule>Contacts</relatedmodule>
</relatedmodules>
</field>
<field>
<fieldname>paymentmethod</fieldname>
<uitype>16</uitype>
<columnname>paymentmethod</columnname>
<columntype>VARCHAR(128)</columntype>
<tablename>vtiger_localizadores</tablename>
<generatedtype>1</generatedtype>
<fieldlabel>LBL_PAYMENTMETHOD</fieldlabel>
<readonly>1</readonly>
<presence>2</presence>
<defaultvalue></defaultvalue>
<sequence>3</sequence>
<maximumlength>100</maximumlength>
<typeofdata>V~O</typeofdata>
<quickcreate>1</quickcreate>
<quickcreatesequence></quickcreatesequence>
<displaytype>1</displaytype>
<info_type>BAS</info_type>
<helpinfo><![CDATA[]]></helpinfo>
<masseditable>0</masseditable>
<picklistvalues>
<picklistvalue>Transferencia</picklistvalue>
<picklistvalue>Debito</picklistvalue>
<picklistvalue>Deposito</picklistvalue>
<picklistvalue>Cheque</picklistvalue>
<picklistvalue>Efectivo</picklistvalue>
<picklistvalue>Credito</picklistvalue>
<picklistvalue>Extra-Credito</picklistvalue>
</picklistvalues>
</field>
<field>
<fieldname>referencia</fieldname>
<uitype>1</uitype>
<columnname>referencia</columnname>
<columntype>VARCHAR(128)</columntype>
<tablename>vtiger_localizadores</tablename>
<generatedtype>1</generatedtype>
<fieldlabel>LBL_REFERENCIA</fieldlabel>
<readonly>1</readonly>
<presence>2</presence>
<defaultvalue></defaultvalue>
<sequence>4</sequence>
<maximumlength>100</maximumlength>
<typeofdata>V~O</typeofdata>
<quickcreate>0</quickcreate>
<quickcreatesequence></quickcreatesequence>
<displaytype>1</displaytype>
<info_type>BAS</info_type>
<helpinfo><![CDATA[]]></helpinfo>
<masseditable>0</masseditable>
</field>
<field>
<fieldname>airline</fieldname>
<uitype>1</uitype>
<columnname>airline</columnname>
<columntype>VARCHAR(128)</columntype>
<tablename>vtiger_localizadores</tablename>
<generatedtype>1</generatedtype>
<fieldlabel>LBL_AIRLINE</fieldlabel>
<readonly>1</readonly>
<presence>2</presence>
<defaultvalue></defaultvalue>
<sequence>5</sequence>
<maximumlength>100</maximumlength>
<typeofdata>V~O</typeofdata>
<quickcreate>1</quickcreate>
<quickcreatesequence></quickcreatesequence>
<displaytype>1</displaytype>
<info_type>BAS</info_type>
<helpinfo><![CDATA[]]></helpinfo>
<masseditable>0</masseditable>
</field>
<field>
<fieldname>status</fieldname>
<uitype>1</uitype>
<columnname>status</columnname>
<columntype>VARCHAR(128)</columntype>
<tablename>vtiger_localizadores</tablename>
<generatedtype>1</generatedtype>
<fieldlabel>LBL_STATUS</fieldlabel>
<readonly>1</readonly>
<presence>2</presence>
<defaultvalue></defaultvalue>
<sequence>6</sequence>
<maximumlength>100</maximumlength>
<typeofdata>V~M</typeofdata>
<quickcreate>1</quickcreate>
<quickcreatesequence></quickcreatesequence>
<displaytype>1</displaytype>
<info_type>BAS</info_type>
<helpinfo><![CDATA[]]></helpinfo>
<masseditable>0</masseditable>
</field>
<field>
<fieldname>procesado</fieldname>
<uitype>56</uitype>
<columnname>procesado</columnname>
<columntype>VARCHAR(5)</columntype>
<tablename>vtiger_localizadores</tablename>
<generatedtype>1</generatedtype>
<fieldlabel>LBL_PROCESADO</fieldlabel>
<readonly>1</readonly>
<presence>2</presence>
<defaultvalue></defaultvalue>
<sequence>7</sequence>
<maximumlength>100</maximumlength>
<typeofdata>C~O</typeofdata>
<quickcreate>1</quickcreate>
<quickcreatesequence></quickcreatesequence>
<displaytype>1</displaytype>
<info_type>BAS</info_type>
<helpinfo><![CDATA[]]></helpinfo>
<masseditable>0</masseditable>
</field>
<field>
<fieldname>registrodeventasid</fieldname>
<uitype>10</uitype>
<columnname>registrodeventasid</columnname>
<columntype>INT(19)</columntype>
<tablename>vtiger_localizadores</tablename>
<generatedtype>1</generatedtype>
<fieldlabel>LBL_REGISTRODEVENTASID</fieldlabel>
<readonly>2</readonly>
<presence>2</presence>
<defaultvalue></defaultvalue>
<sequence>8</sequence>
<maximumlength>100</maximumlength>
<typeofdata>V~O</typeofdata>
<quickcreate>1</quickcreate>
<quickcreatesequence></quickcreatesequence>
<displaytype>2</displaytype>
<info_type>BAS</info_type>
<helpinfo><![CDATA[]]></helpinfo>
<masseditable>0</masseditable>
<relatedmodules>
<relatedmodule>RegistroDeVentas</relatedmodule>
</relatedmodules>
</field>
<field>
<fieldname>gds</fieldname>
<uitype>16</uitype>
<columnname>gds</columnname>
<columntype>VARCHAR(128)</columntype>
<tablename>vtiger_localizadores</tablename>
<generatedtype>1</generatedtype>
<fieldlabel>LBL_GDS</fieldlabel>
<readonly>1</readonly>
<presence>2</presence>
<defaultvalue></defaultvalue>
<sequence>9</sequence>
<maximumlength>100</maximumlength>
<typeofdata>V~M</typeofdata>
<quickcreate>1</quickcreate>
<quickcreatesequence></quickcreatesequence>
<displaytype>1</displaytype>
<info_type>BAS</info_type>
<helpinfo><![CDATA[]]></helpinfo>
<masseditable>1</masseditable>
<picklistvalues>
<picklistvalue>Amadeus</picklistvalue>
<picklistvalue>Kiu</picklistvalue>
<picklistvalue>Servi</picklistvalue>
<picklistvalue>Web Aerolinea</picklistvalue>
</picklistvalues>
</field>
<field>
<fieldname>totalloc</fieldname>
<uitype>7</uitype>
<columnname>totalloc</columnname>
<columntype>DECIMAL(25,3)</columntype>
<tablename>vtiger_localizadores</tablename>
<generatedtype>1</generatedtype>
<fieldlabel>LBL_TOTALLOC</fieldlabel>
<readonly>2</readonly>
<presence>2</presence>
<defaultvalue></defaultvalue>
<sequence>10</sequence>
<maximumlength>100</maximumlength>
<typeofdata>N~O</typeofdata>
<quickcreate>0</quickcreate>
<quickcreatesequence></quickcreatesequence>
<displaytype>2</displaytype>
<info_type>BAS</info_type>
<helpinfo><![CDATA[]]></helpinfo>
<masseditable>0</masseditable>
</field>
</fields>
</block>
<block>
<label>LBL_BLOCK_SYSTEM_INFORMATION</label>
<sequence>2</sequence>
<show_title>0</show_title>
<visible>0</visible>
<create_view>0</create_view>
<edit_view>0</edit_view>
<detail_view>0</detail_view>
<display_status>1</display_status>
<iscustom>0</iscustom>
<islist>0</islist>
<fields>
<field>
<fieldname>assigned_user_id</fieldname>
<uitype>53</uitype>
<columnname>smownerid</columnname>
<columntype>VARCHAR(128)</columntype>
<tablename>vtiger_crmentity</tablename>
<generatedtype>1</generatedtype>
<fieldlabel>Assigned To</fieldlabel>
<readonly>1</readonly>
<presence>2</presence>
<defaultvalue></defaultvalue>
<sequence>1</sequence>
<maximumlength>100</maximumlength>
<typeofdata>V~M</typeofdata>
<quickcreate>1</quickcreate>
<quickcreatesequence></quickcreatesequence>
<displaytype>1</displaytype>
<info_type>BAS</info_type>
<helpinfo><![CDATA[]]></helpinfo>
<masseditable>1</masseditable>
</field>
<field>
<fieldname>createdtime</fieldname>
<uitype>70</uitype>
<columnname>createdtime</columnname>
<columntype>DATETIME</columntype>
<tablename>vtiger_crmentity</tablename>
<generatedtype>1</generatedtype>
<fieldlabel>Created Time</fieldlabel>
<readonly>1</readonly>
<presence>2</presence>
<defaultvalue></defaultvalue>
<sequence>2</sequence>
<maximumlength>100</maximumlength>
<typeofdata>T~O</typeofdata>
<quickcreate>1</quickcreate>
<quickcreatesequence></quickcreatesequence>
<displaytype>2</displaytype>
<info_type>BAS</info_type>
<helpinfo><![CDATA[]]></helpinfo>
<masseditable>0</masseditable>
</field>
<field>
<fieldname>modifiedtime</fieldname>
<uitype>19</uitype>
<columnname>modifiedtime</columnname>
<columntype>TEXT</columntype>
<tablename>vtiger_crmentity</tablename>
<generatedtype>1</generatedtype>
<fieldlabel>Modified Time</fieldlabel>
<readonly>1</readonly>
<presence>2</presence>
<defaultvalue></defaultvalue>
<sequence>3</sequence>
<maximumlength>100</maximumlength>
<typeofdata>T~O</typeofdata>
<quickcreate>1</quickcreate>
<quickcreatesequence></quickcreatesequence>
<displaytype>2</displaytype>
<info_type>BAS</info_type>
<helpinfo><![CDATA[]]></helpinfo>
<masseditable>0</masseditable>
</field>
</fields>
</block>
</blocks>
<customviews>
<customview>
<viewname>All</viewname>
<setdefault>true</setdefault>
<setmetrics>false</setmetrics>
<fields>
<field>
<fieldname>localizador</fieldname>
<columnindex>1</columnindex>
</field>
<field>
<fieldname>contactoid</fieldname>
<columnindex>2</columnindex>
</field>
<field>
<fieldname>paymentmethod</fieldname>
<columnindex>3</columnindex>
</field>
<field>
<fieldname>status</fieldname>
<columnindex>4</columnindex>
</field>
<field>
<fieldname>procesado</fieldname>
<columnindex>5</columnindex>
</field>
<field>
<fieldname>gds</fieldname>
<columnindex>6</columnindex>
</field>
<field>
<fieldname>totalloc</fieldname>
<columnindex>7</columnindex>
</field>
<field>
<fieldname>registrodeventasid</fieldname>
<columnindex>8</columnindex>
</field>
</fields>
</customview>
</customviews>
<sharingaccess>
<default>public_readwritedelete</default>
</sharingaccess>
<actions>
<action>
<name><![CDATA[Import]]></name>
<status>disabled</status>
</action>
<action>
<name><![CDATA[Export]]></name>
<status>disabled</status>
</action>
<action>
<name><![CDATA[Merge]]></name>
<status>disabled</status>
</action>
</actions>
<relatedlists>
<relatedlist>
<function>get_related_list</function>
<label>LBL_BOLETOS</label>
<sequence>1</sequence>
<presence>1</presence>
<actions>
<action>SELECT</action>
<action>ADD</action>
</actions>
<relatedmodule>Boletos</relatedmodule>
</relatedlist>
</relatedlists>
<crons>
</crons>
</module>
