<?xml version="1.0"?>
<module>
<exporttime>2015-11-27 14:10:19</exporttime>
<name>Terminales</name>
<label>Terminales</label>
<parent>Sales</parent>
<version>1.0</version>
<dependencies>
<vtiger_version>6.0.0</vtiger_version>
</dependencies>
<tables>
<table>
<name>vtiger_terminales</name>
<sql><![CDATA[CREATE TABLE `vtiger_terminales` (
  `terminalesid` int(11) NOT NULL DEFAULT '0',
    `firma` VARCHAR(128) DEFAULT NULL,
    `gds` VARCHAR(128) DEFAULT NULL,
    `atid` VARCHAR(128) DEFAULT NULL,
    `cid` VARCHAR(128) DEFAULT NULL,
    `emision` VARCHAR(5) DEFAULT NULL,
    `oficina` VARCHAR(128) DEFAULT NULL,
    `observacion` TEXT DEFAULT NULL,
    PRIMARY KEY (`terminalesid`)
) ENGINE=InnoDB DEFAULT CHARSET=utf8]]></sql>
</table>
<table>
<name>vtiger_terminalescf</name>
<sql><![CDATA[CREATE TABLE `vtiger_terminalescf` (
  `terminalesid` int(11) NOT NULL,
  PRIMARY KEY (`terminalesid`)
) ENGINE=InnoDB DEFAULT CHARSET=utf8]]></sql>
</table>
</tables>
<blocks>
<block>
<label>Información General</label>
<sequence>1</sequence>
<show_title>0</show_title>
<visible>0</visible>
<create_view>0</create_view>
<edit_view>0</edit_view>
<detail_view>0</detail_view>
<display_status>0</display_status>
<iscustom>0</iscustom>
<islist>0</islist>
<fields>
<field>
<fieldname>firma</fieldname>
<uitype>2</uitype>
<columnname>firma</columnname>
<columntype>VARCHAR(128)</columntype>
<tablename>vtiger_terminales</tablename>
<generatedtype>1</generatedtype>
<fieldlabel>LBL_FIRMA</fieldlabel>
<readonly>1</readonly>
<presence>2</presence>
<defaultvalue></defaultvalue>
<sequence>1</sequence>
<maximumlength>100</maximumlength>
<typeofdata>V~M</typeofdata>
<quickcreate>0</quickcreate>
<quickcreatesequence></quickcreatesequence>
<displaytype>1</displaytype>
<info_type>BAS</info_type>
<helpinfo><![CDATA[]]></helpinfo>
<masseditable>1</masseditable>
<entityidentifier>
<fieldname>firma</fieldname>
<entityidfield>terminalesid</entityidfield>
<entityidcolumn>terminalesid</entityidcolumn>
</entityidentifier>
</field>
<field>
<fieldname>gds</fieldname>
<uitype>2</uitype>
<columnname>gds</columnname>
<columntype>VARCHAR(128)</columntype>
<tablename>vtiger_terminales</tablename>
<generatedtype>1</generatedtype>
<fieldlabel>LBL_GDS</fieldlabel>
<readonly>1</readonly>
<presence>2</presence>
<defaultvalue></defaultvalue>
<sequence>2</sequence>
<maximumlength>100</maximumlength>
<typeofdata>V~M</typeofdata>
<quickcreate>0</quickcreate>
<quickcreatesequence></quickcreatesequence>
<displaytype>1</displaytype>
<info_type>BAS</info_type>
<helpinfo><![CDATA[]]></helpinfo>
<masseditable>1</masseditable>
</field>
<field>
<fieldname>atid</fieldname>
<uitype>2</uitype>
<columnname>atid</columnname>
<columntype>VARCHAR(128)</columntype>
<tablename>vtiger_terminales</tablename>
<generatedtype>1</generatedtype>
<fieldlabel>LBL_ATID</fieldlabel>
<readonly>1</readonly>
<presence>2</presence>
<defaultvalue></defaultvalue>
<sequence>3</sequence>
<maximumlength>100</maximumlength>
<typeofdata>V~M</typeofdata>
<quickcreate>0</quickcreate>
<quickcreatesequence></quickcreatesequence>
<displaytype>1</displaytype>
<info_type>BAS</info_type>
<helpinfo><![CDATA[]]></helpinfo>
<masseditable>1</masseditable>
</field>
<field>
<fieldname>cid</fieldname>
<uitype>2</uitype>
<columnname>cid</columnname>
<columntype>VARCHAR(128)</columntype>
<tablename>vtiger_terminales</tablename>
<generatedtype>1</generatedtype>
<fieldlabel>LBL_CID</fieldlabel>
<readonly>1</readonly>
<presence>2</presence>
<defaultvalue></defaultvalue>
<sequence>4</sequence>
<maximumlength>100</maximumlength>
<typeofdata>V~M</typeofdata>
<quickcreate>0</quickcreate>
<quickcreatesequence></quickcreatesequence>
<displaytype>1</displaytype>
<info_type>BAS</info_type>
<helpinfo><![CDATA[]]></helpinfo>
<masseditable>1</masseditable>
</field>
<field>
<fieldname>emision</fieldname>
<uitype>56</uitype>
<columnname>emision</columnname>
<columntype>VARCHAR(5)</columntype>
<tablename>vtiger_terminales</tablename>
<generatedtype>1</generatedtype>
<fieldlabel>LBL_EMISION</fieldlabel>
<readonly>1</readonly>
<presence>2</presence>
<defaultvalue></defaultvalue>
<sequence>5</sequence>
<maximumlength>100</maximumlength>
<typeofdata>C~M</typeofdata>
<quickcreate>0</quickcreate>
<quickcreatesequence></quickcreatesequence>
<displaytype>1</displaytype>
<info_type>BAS</info_type>
<helpinfo><![CDATA[]]></helpinfo>
<masseditable>1</masseditable>
</field>
<field>
<fieldname>oficina</fieldname>
<uitype>1</uitype>
<columnname>oficina</columnname>
<columntype>VARCHAR(128)</columntype>
<tablename>vtiger_terminales</tablename>
<generatedtype>1</generatedtype>
<fieldlabel>LBL_OFICINA</fieldlabel>
<readonly>1</readonly>
<presence>2</presence>
<defaultvalue></defaultvalue>
<sequence>6</sequence>
<maximumlength>100</maximumlength>
<typeofdata>V~O</typeofdata>
<quickcreate>0</quickcreate>
<quickcreatesequence></quickcreatesequence>
<displaytype>1</displaytype>
<info_type>BAS</info_type>
<helpinfo><![CDATA[]]></helpinfo>
<masseditable>0</masseditable>
</field>
<field>
<fieldname>observacion</fieldname>
<uitype>19</uitype>
<columnname>observacion</columnname>
<columntype>TEXT</columntype>
<tablename>vtiger_terminales</tablename>
<generatedtype>1</generatedtype>
<fieldlabel>LBL_OBSERVACION</fieldlabel>
<readonly>1</readonly>
<presence>2</presence>
<defaultvalue></defaultvalue>
<sequence>7</sequence>
<maximumlength>100</maximumlength>
<typeofdata>V~O</typeofdata>
<quickcreate>0</quickcreate>
<quickcreatesequence></quickcreatesequence>
<displaytype>1</displaytype>
<info_type>BAS</info_type>
<helpinfo><![CDATA[]]></helpinfo>
<masseditable>0</masseditable>
</field>
</fields>
</block>
<block>
<label>Información del Sistema</label>
<sequence>2</sequence>
<show_title>0</show_title>
<visible>0</visible>
<create_view>0</create_view>
<edit_view>0</edit_view>
<detail_view>0</detail_view>
<display_status>0</display_status>
<iscustom>0</iscustom>
<islist>0</islist>
<fields>
<field>
<fieldname>assigned_user_id</fieldname>
<uitype>53</uitype>
<columnname>smownerid</columnname>
<columntype>INT(19)</columntype>
<tablename>vtiger_crmentity</tablename>
<generatedtype>1</generatedtype>
<fieldlabel>Assigned To</fieldlabel>
<readonly>1</readonly>
<presence>2</presence>
<defaultvalue></defaultvalue>
<sequence>1</sequence>
<maximumlength>100</maximumlength>
<typeofdata>V~M</typeofdata>
<quickcreate>0</quickcreate>
<quickcreatesequence></quickcreatesequence>
<displaytype>1</displaytype>
<info_type>BAS</info_type>
<helpinfo><![CDATA[]]></helpinfo>
<masseditable>1</masseditable>
</field>
<field>
<fieldname>createdtime</fieldname>
<uitype>70</uitype>
<columnname>createdtime</columnname>
<columntype>DATETIME</columntype>
<tablename>vtiger_crmentity</tablename>
<generatedtype>1</generatedtype>
<fieldlabel>Created Time</fieldlabel>
<readonly>1</readonly>
<presence>2</presence>
<defaultvalue></defaultvalue>
<sequence>2</sequence>
<maximumlength>100</maximumlength>
<typeofdata>T~O</typeofdata>
<quickcreate>0</quickcreate>
<quickcreatesequence></quickcreatesequence>
<displaytype>2</displaytype>
<info_type>BAS</info_type>
<helpinfo><![CDATA[]]></helpinfo>
<masseditable>0</masseditable>
</field>
<field>
<fieldname>modifiedtime</fieldname>
<uitype>19</uitype>
<columnname>modifiedtime</columnname>
<columntype>DATETIME</columntype>
<tablename>vtiger_crmentity</tablename>
<generatedtype>1</generatedtype>
<fieldlabel>Modified Time</fieldlabel>
<readonly>1</readonly>
<presence>2</presence>
<defaultvalue></defaultvalue>
<sequence>3</sequence>
<maximumlength>100</maximumlength>
<typeofdata>T~O</typeofdata>
<quickcreate>0</quickcreate>
<quickcreatesequence></quickcreatesequence>
<displaytype>2</displaytype>
<info_type>BAS</info_type>
<helpinfo><![CDATA[]]></helpinfo>
<masseditable>0</masseditable>
</field>
</fields>
</block>
</blocks>
<customviews>
<customview>
<viewname>All</viewname>
<setdefault>true</setdefault>
<setmetrics>false</setmetrics>
<fields>
<field>
<fieldname>firma</fieldname>
<columnindex>1</columnindex>
</field>
<field>
<fieldname>gds</fieldname>
<columnindex>2</columnindex>
</field>
<field>
<fieldname>atid</fieldname>
<columnindex>3</columnindex>
</field>
<field>
<fieldname>cid</fieldname>
<columnindex>4</columnindex>
</field>
<field>
<fieldname>emision</fieldname>
<columnindex>5</columnindex>
</field>
<field>
<fieldname>oficina</fieldname>
<columnindex>6</columnindex>
</field>
</fields>
</customview>
</customviews>
<sharingaccess>
<default>public_readwritedelete</default>
</sharingaccess>
<actions>
<action>
<name><![CDATA[Import]]></name>
<status>disabled</status>
</action>
<action>
<name><![CDATA[Export]]></name>
<status>disabled</status>
</action>
<action>
<name><![CDATA[Merge]]></name>
<status>disabled</status>
</action>
</actions>
<crons>
</crons>
</module>
